"Label","Value"
"2013-03-16","1995.09"
"2013-03-23","3446.16"
"2013-03-30","2520.35"
"2013-04-06","3489.42"
"2013-04-13","4460.55"
"2013-04-20","4058.42"
"2013-04-27","3012.02"
"2013-05-04","2866.21"
"2013-05-11","2531.03"
"2013-05-18","3180.93"
"2013-05-25","3554.04"
"2013-06-01","3454.58"
"2013-06-08","4261.84"
"2013-06-15","4016.36"
"2013-06-22","4356.78"
"2013-06-29","4496.2"
"2013-07-06","7316.89"
"2013-07-13","7506.02"
"2013-07-20","8715.6"
"2013-07-27","10023.18"
"2013-08-03","11076.44"
"2013-08-10","11010.69"
"2013-08-17","12451.5"
"2013-08-24","14244.33"
"2013-08-31","13083.07"
"2013-09-07","13135.19"
"2013-09-14","13334.74"
"2013-09-21","14736.17"
"2013-09-28","15486.4"
"2013-10-05","14948.2"
"2013-10-12","12253.11"
"2013-10-19","14034.04"
"2013-10-26","12371.44"
"2013-11-02","11218.59"
"2013-11-09","15163.82"
"2013-11-16","11932.53"
"2013-11-23","8773.14"
"2013-11-30","9355.48"
"2013-12-07","7524.96"
"2013-12-14","5867.5"
"2013-12-21","7546.61"
"2013-12-28","3867.69"
"2014-01-04","4802.91"
"2014-01-11","5568.75"
"2014-01-18","5470.1"
"2014-01-25","5745.14"
"2014-02-01","5719.81"
"2014-02-08","6641.45"
"2014-02-15","6453.7218"
"2014-02-22","6232.79"
"2014-03-01","7527.99"
"2014-03-08","7188.75"
"2014-03-15","6608.02"
"2014-03-22","6518.1319695"
"2014-03-29","7299.4422065"
"2014-04-05","8490.9765753"
"2014-04-12","8936.8227694"
"2014-04-19","8501.5512585"
"2014-04-26","8061.9296055"
"2014-05-03","8274.446"
"2014-05-10","9130.1569"
"2014-05-17","8480.9407"
"2014-05-24","10000.9037"
"2014-05-31","8269.8371"
"2014-06-07","8102.3573"
"2014-06-14","8952.8999"
"2014-06-21","8857.7898"
"2014-06-28","8352.2977"
"2014-07-05","7751.0606"
"2014-07-12","8740.2293"
"2014-07-19","8190.1121"
"2014-07-26","7964.2275"
"2014-08-02","8480.236"
"2014-08-09","8882.6168"
"2014-08-16","9982.6836"
"2014-08-23","10365.0308"
"2014-08-30","10012.135"
"2014-09-06","11734.4156"
"2014-09-13","12996.2015"
"2014-09-20","14939.6469"
"2014-09-27","15134.0724"
"2014-10-04","16037.5947"
"2014-10-11","16361.729"
"2014-10-18","14903.9886"
"2014-10-25","15985.3029"
"2014-11-01","16212.038"
"2014-11-08","17482.473"
"2014-11-15","15228.8858"
"2014-11-22","15712.3749"
"2014-11-29","15249.8953"
"2014-12-06","18075.3552"
"2014-12-13","17278.6339"
"2014-12-20","20355.0229"
"2014-12-27","14165.5565"
"2015-01-03","15377.7605"
"2015-01-10","21159.7503"
"2015-01-17","28721.4857"
"2015-01-24","26735.1261"
"2015-01-31","24785.4258"
"2015-02-07","28052.547"
"2015-02-14","29709.6349"
"2015-02-21","27359.062"
"2015-02-28","28875.2503"
"2015-03-07","26293.4797"
"2015-03-14","24213.672"
"2015-03-21","25057.004"
"2015-03-28","23711.3959"
"2015-04-04","25252.1089"
"2015-04-11","26980.5048"
"2015-04-18","26965.9649"
"2015-04-25","29026.54"
"2015-05-02","29113.47"
"2015-05-09","28234.605"
"2015-05-16","30084.4536"
"2015-05-23","28905.54"
"2015-05-30","29300.9365"
"2015-06-06","34271.2731"
"2015-06-13","33162.5495"
"2015-06-20","31855.4133"
"2015-06-27","32407.8739"
"2015-07-04","30829.6634"
"2015-07-11","29087.9062"
"2015-07-18","27732.8712"
"2015-07-25","27985.8102"
"2015-08-01","27575.5439"
"2015-08-08","30026.033"
"2015-08-15","30424.0001"
"2015-08-22","33597.5106"
"2015-08-29","34832.1789"
"2015-09-05","34803.1928"
"2015-09-12","34577.6083"
"2015-09-19","38389.0748"
"2015-09-26","38031.9833"
"2015-10-03","37845.301"
"2015-10-10","39136.563"
"2015-10-17","37496.0549"
"2015-10-24","38424.6029"
"2015-10-31","36107.4837"
"2015-11-07","32380.3437"
"2015-11-14","29365.9343"
"2015-11-21","30752.912"
"2015-11-28","29881.367"
"2015-12-05","29258.2374"
"2015-12-12","27130.5845"
"2015-12-19","26158.306"
"2015-12-26","19825.5222"
"2016-01-02","18307.7112"
"2016-01-09","23228.4967"
"2016-01-16","23996.2918"
"2016-01-23","23936.6244"
"2016-01-30","27400.808"
"2016-02-06","27300.109"
"2016-02-13","28891.8102"
"2016-02-20","28356.4536"
"2016-02-27","28283.032"
"2016-03-05","29555.0566"
"2016-03-12","30051.5885"
"2016-03-19","30131.5217"
"2016-03-26","28373.5882"
"2016-04-02","31436.9264"
"2016-04-09","32255.5925"
"2016-04-16","30351.5708"
"2016-04-23","29386.7388"
"2016-04-30","30001.5648"
"2016-05-07","28793.9773"
"2016-05-14","28928.5075"
"2016-05-21","29790.3095"
"2016-05-28","31294.9234"
"2016-06-04","26465.0501"
"2016-06-11","25722.4034"
"2016-06-18","21816.8343"
"2016-06-25","21980.0581"
"2016-07-02","20525.2679"
"2016-07-09","19556.53"
"2016-07-16","21068.3772"
"2016-07-23","20278.0841"
"2016-07-30","21183.3066"
"2016-08-06","23857.2484"
"2016-08-13","25190.3578"
"2016-08-20","25946.3544"
"2016-08-27","25433.9722"
"2016-09-03","25186.7763"
"2016-09-10","23585.326"
"2016-09-17","24068.6328"
"2016-09-24","25074.25"
"2016-10-01","25206.3276"
"2016-10-08","25922.0716"
"2016-10-15","25347.8885"
"2016-10-22","25138.1684"
"2016-10-29","25387.3889"
"2016-11-05","25207.9086"
"2016-11-12","23623.8574"
"2016-11-19","25099.4796"
"2016-11-26","23556.0638"
"2016-12-03","26703.0521"
"2016-12-10","26878.8033"
"2016-12-17","25608.0079"
"2016-12-24","23892.5177"
"2016-12-31","20437.1185"
"2017-01-07","19920.1664"
"2017-01-14","23056.0268"
"2017-01-21","21659.8166"
"2017-01-28","20981.4056"
"2017-02-04","22533.8549"
"2017-02-11","21542.3095"
"2017-02-18","25403.1036"
"2017-02-25","27479.1021"
"2017-03-04","27522.1601"
"2017-03-11","26416.8565"
"2017-03-18","26621.51556034"
"2017-03-25","28478.67878015"
"2017-04-01","28350.93832933"
"2017-04-08","27623.37731009"
"2017-04-15","25133.13320747"
"2017-04-22","25813.84276323"
"2017-04-29","25834.33375602"
"2017-05-06","26295.75272268"
"2017-05-13","24589.41269124"
"2017-05-20","22072.65458445"
"2017-05-27","23421.67544102"
"2017-06-03","16721.41208656"
"2017-06-10","16357.45036938"
"2017-06-17","14724.00330043"
"2017-06-24","13844.50755447"
"2017-07-01","13786.11388882"
"2017-07-08","12670.93891373"
"2017-07-15","13870.85386166"
"2017-07-22","14360.85655102"
"2017-07-29","12824.34813534"
"2017-08-05","12260.07365197"
"2017-08-12","12292.62916222"
"2017-08-19","11121.42088528"
"2017-08-26","10261.04333532"
"2017-09-02","10519.8335324"
"2017-09-09","12010.59698258"
"2017-09-16","16834.57609594"
"2017-09-23","13992.59811713"
"2017-09-30","13470.47755576"
"2017-10-07","11833.63218814"
"2017-10-14","12122.02693793"
"2017-10-21","10281.75279329"
"2017-10-28","9517.7338429"
"2017-11-04","11326.98016829"
"2017-11-11","8582.33340508"
"2017-11-18","9134.29377237"
"2017-11-25","8514.95525828"
"2017-12-02","10374.47514365"
"2017-12-09","9075.3249811"
"2017-12-16","7371.23333566"
"2017-12-23","7518.97510851"
"2017-12-30","5620.49085628"
"2018-01-06","6837.63951745"
"2018-01-13","7673.15388999"
"2018-01-20","8251.64898175"
"2018-01-27","6532.72757261"
"2018-02-03","8168.2691147"
"2018-02-10","9875.25457705"
"2018-02-17","6492.3952107"
"2018-02-24","5752.89321541"
"2018-03-03","6397.37293533"
"2018-03-10","6147.52404417"
"2018-03-17","7716.41271021"
"2018-03-24","7020.74489189"
"2018-03-31","8769.23315066"
"2018-04-07","8562.2159615"
"2018-04-14","8491.44637809"
"2018-04-21","7965.00292071"
"2018-04-28","7568.23363961"
"2018-05-05","6807.05875458"
"2018-05-12","6786.32380084"
"2018-05-19","7628.35084105"
"2018-05-26","6851.81358776"
"2018-06-02","6833.79633861"
"2018-06-09","7229.04368907"
"2018-06-16","7402.86646378"
"2018-06-23","7504.45767868"
"2018-06-30","7638.97681306"
"2018-07-07","8150.63356512"
"2018-07-14","7637.13707994"
"2018-07-21","7861.4271793"
"2018-07-28","6715.76513663"
"2018-08-04","7151.66995169"
"2018-08-11","7429.24559657"
"2018-08-18","7937.73122089"
"2018-08-25","7261.34589309"
"2018-09-01","4858.13287475"
"2018-09-08","7643.08670075"
"2018-09-15","7638.49531019"
"2018-09-22","8142.91897083"
"2018-09-29","7199.79138867"
"2018-10-06","7238.58885873"
"2018-10-13","8559.58045318"
"2018-10-20","8723.96638037"
"2018-10-27","8315.87370753"
"2018-11-03","8849.86942601"
"2018-11-10","8918.8721734"
"2018-11-17","8000.27240868"
"2018-11-24","11682.53807344"
"2018-12-01","12119.69764383"
"2018-12-08","13735.41780955"
"2018-12-15","14725.07095828"
"2018-12-22","14811.81901198"
"2018-12-29","12200.6343936"
"2019-01-05","10748.40054411"
"2019-01-12","12097.39588977"
"2019-01-19","12886.02059054"
"2019-01-26","13796.01429468"
"2019-02-02","14999.44030533"
"2019-02-09","14896.05191044"
"2019-02-16","13547.73612216"
"2019-02-23","13326.68276855"
"2019-03-02","14364.97095575"
"2019-03-09","12788.15708267"
"2019-03-16","13363.90291172"
"2019-03-23","12795.48215821"
"2019-03-30","12693.92809098"
"2019-04-06","12265.08055691"
"2019-04-13","10583.53151942"
"2019-04-20","10363.02250072"
"2019-04-27","9717.60679164"
"2019-05-04","10112.39508358"
"2019-05-11","9886.36123647"
"2019-05-18","8513.59650201"
"2019-05-25","7477.37278499"
"2019-06-01","6571.62375866"
"2019-06-08","7068.36226131"
"2019-06-15","7435.63396288"
"2019-06-22","6650.06700095"
"2019-06-29","5762.17042332"
"2019-07-06","5673.57592919"
"2019-07-13","5225.71834782"
"2019-07-20","5240.214522"
"2019-07-27","5053.93917157"
"2019-08-03","5767.79367887"
"2019-08-10","5168.19523559"
"2019-08-17","4962.99065822"
"2019-08-24","5016.02986099"
"2019-08-31","5361.1025832"
"2019-09-07","5361.62924674"
"2019-09-14","5066.47891012"
"2019-09-21","5343.57261242"
"2019-09-28","6013.50499268"
"2019-10-05","5569.63036807"
"2019-10-12","5052.27863336"
"2019-10-19","4595.37043964"
"2019-10-26","4714.37436315"
"2019-11-02","3934.87739032"
"2019-11-09","3861.62907218"
"2019-11-16","3966.28768819"
"2019-11-23","4356.20349209"
"2019-11-30","4492.53107784"
"2019-12-07","4581.75460511"
"2019-12-14","4536.0551298"
"2019-12-21","5067.43892577"
"2019-12-28","4277.33828903"
"2020-01-04","3763.40204797"
"2020-01-11","3995.46002446"
"2020-01-18","3985.53918746"
"2020-01-25","3593.51843532"
"2020-02-01","3773.69601801"
"2020-02-08","3591.69678901"
"2020-02-15","3570.80272076"
"2020-02-22","3144.13232598"
"2020-02-29","3494.05521385"
"2020-03-07","3720.92424225"
"2020-03-14","4720.27349945"
"2020-03-21","5065.64585058"
"2020-03-28","4151.42417778"
"2020-04-04","4656.55857758"
"2020-04-11","4123.12023195"
"2020-04-18","4420.57001817"
"2020-04-25","4625.11446584"
"2020-05-02","4557.40167681"
"2020-05-09","4582.52491589"
"2020-05-16","4567.42342109"
"2020-05-23","4129.13856709"
"2020-05-30","4087.43138661"
"2020-06-06","4243.070534"
"2020-06-13","4097.01131175"
"2020-06-20","3977.84708489"
"2020-06-27","3983.45613661"
"2020-07-04","4598.99028247"
"2020-07-11","4382.04810631"
"2020-07-18","4308.40154261"
"2020-07-25","4293.45430401"
"2020-08-01","4347.9481452"
"2020-08-08","3842.10869525"
"2020-08-15","3753.84951951"
"2020-08-22","3512.11980584"
"2020-08-29","3508.97317981"
"2020-09-05","3952.19782191"
"2020-09-12","3815.9969718"
"2020-09-19","3720.08441444"
"2020-09-26","3528.08767234"
"2020-10-03","3660.13162498"
"2020-10-10","3636.60157741"
"2020-10-17","3228.19118828"
"2020-10-24","3249.53672177"
"2020-10-31","3011.4045287"
"2020-11-07","3014.10100166"
"2020-11-14","2472.40081233"
"2020-11-21","2442.43744193"
"2020-11-28","2262.4383087"
"2020-12-05","2312.13930361"
"2020-12-12","2161.81464819"
"2020-12-19","2415.74975193"
"2020-12-26","1829.07653317"
"2021-01-02","1624.43417928"
"2021-01-09","1555.66701461"
"2021-01-16","1275.33398206"
"2021-01-23","1216.02267259"
"2021-01-30","1219.65081575"
"2021-02-06","1221.92536358"
"2021-02-13","1111.85429939"
"2021-02-20","912.98549391"
"2021-02-27","814.88412658"
"2021-03-06","787.81417061"
"2021-03-13","766.602182"
"2021-03-20","651.76698531"
"2021-03-27","628.02593799"
"2021-04-03","664.66192651"
"2021-04-10","631.79953823"
"2021-04-17","560.16181148"
"2021-04-24","508.72113217"
"2021-05-01","545.59560562"
"2021-05-08","482.57978935"
"2021-05-15","550.87965778"
"2021-05-22","609.34847842"
"2021-05-29","587.79569982"
"2021-06-05","669.14814339"
"2021-06-12","664.25960877"
"2021-06-19","553.47355815"
"2021-06-26","574.05621144"
"2021-07-03","604.4056179"
"2021-07-10","563.71096515"
"2021-07-17","558.36093512"
"2021-07-24","578.04751703"
"2021-07-31","544.57430185"
"2021-08-07","499.11570576"
"2021-08-14","424.98382671"
"2021-08-21","399.31178433"
"2021-08-28","384.77639956"
"2021-09-04","434.35216638"
"2021-09-11","366.37466536"
"2021-09-18","374.15641919"
"2021-09-25","364.01316276"
"2021-10-02","395.18296813"
"2021-10-09","402.90882417"
"2021-10-16","335.59287989"
"2021-10-23","293.95021084"
"2021-10-30","263.67701958"
"2021-11-06","285.2542829"
"2021-11-13","290.5352028"
"2021-11-20","273.71669835"
"2021-11-27","268.98513374"
"2021-12-04","315.86883502"
"2021-12-11","305.95196975"
"2021-12-18","324.67711264"
"2021-12-25","315.67119971"
"2022-01-01","264.23358793"
"2022-01-08","293.88883583"
"2022-01-15","322.69246015"
"2022-01-22","327.61398697"
"2022-01-29","347.39502459"
"2022-02-05","362.67828618"
"2022-02-12","310.69341299"
"2022-02-19","285.44097426"
"2022-02-26","325.41126489"
"2022-03-05","334.2222548"
"2022-03-12","333.29152071"
"2022-03-19","330.43868075"
"2022-03-26","328.34958744"
"2022-04-02","325.92658704"
"2022-04-09","289.49279489"
"2022-04-16","276.11707842"
"2022-04-23","293.19761637"
"2022-04-30","320.92821296"
"2022-05-07","330.97922542"
"2022-05-14","384.41080316"
"2022-05-21","349.9323716"
"2022-05-28","350.82002078"
"2022-06-04","396.79590484"
"2022-06-11","364.41631645"
"2022-06-18","487.80119087"
"2022-06-25","440.94941694"
"2022-07-02","508.92700944"
"2022-07-09","454.8135847"
"2022-07-16","442.25238629"
"2022-07-23","382.54148492"
"2022-07-30","406.94508883"
"2022-08-06","370.6176399"
"2022-08-13","353.93217318"
"2022-08-20","342.93040664"
"2022-08-27","359.02347052"
"2022-09-03","414.95792248"
"2022-09-10","400.91584444"
"2022-09-17","355.1065781"
"2022-09-24","378.79275378"
"2022-10-01","415.77427533"
"2022-10-08","383.74883308"
"2022-10-15","319.55247904"
"2022-10-22","309.26812668"
"2022-10-29","340.8509057"
"2022-11-05","350.94054096"
"2022-11-12","346.21395657"
"2022-11-19","360.84870211"
"2022-11-26","368.46841914"
"2022-12-03","392.5497974"
"2022-12-10","355.86605354"
"2022-12-17","374.3871043"
"2022-12-24","371.70268459"
"2022-12-31","320.3664423"
"2023-01-07","346.00555359"
"2023-01-14","348.93320992"
"2023-01-21","287.50956397"
"2023-01-28","254.08448731"
"2023-02-04","283.28440977"
"2023-02-11","318.2832619"
"2023-02-18","141.67917868"
"2023-02-25","0.3494351"
"2023-03-04","1.24521135"