Label,Value
2013-10-12,0.03
2013-10-19,0.23
2013-11-09,1
2013-11-23,0.02
2013-11-30,0.93
2013-12-07,0.02
2014-02-01,2.03
2014-02-08,8.37
2014-02-15,12.33
2014-02-22,0.15
2014-03-01,2.67
2014-03-08,5.01
2014-03-15,1.04
2014-03-22,0.01
2014-03-29,0.01
2014-04-19,4
2014-04-26,20
2014-05-03,20
2014-05-10,2.4
2014-05-17,3
2014-05-24,0.1
2014-05-31,0.59
2014-06-28,0.16
2014-07-05,1.99
2014-07-19,0.2
2014-07-26,3.01
2014-08-02,0.61
2014-08-09,1.82
2014-08-16,1.9282
2014-08-23,3.7674
2014-08-30,0.8591
2014-09-06,0.9518
2014-09-13,3.7701
2014-09-20,2.2274
2014-09-27,0.7724
2014-10-04,1.36
2014-10-11,1.9857
2014-10-18,2.71
2014-10-25,2.4812
2014-11-01,3.7287
2014-11-08,2.5305
2014-11-15,3.6856
2014-11-22,2.8491
2014-11-29,2.15
2014-12-06,3.6343
2014-12-13,9.73
2014-12-20,18.385
2014-12-27,31.9678
2015-01-03,19.97
2015-01-10,22.5881
2015-01-17,45.79
2015-01-24,71.67
2015-01-31,84.0918
2015-02-07,84.52
2015-02-14,63.51
2015-02-21,70.77
2015-02-28,99.2629
2015-03-07,63.5059
2015-03-14,77.834
2015-03-21,57.2839
2015-03-28,43.37
2015-04-04,25.558
2015-04-11,42.28
2015-04-18,28.73
2015-04-25,51.91
2015-05-02,32.22
2015-05-09,52.4964
2015-05-16,24.8812
2015-05-23,21.74
2015-05-30,27.942
2015-06-06,18.23
2015-06-13,22.17
2015-06-20,35.54
2015-06-27,21.8389
2015-07-04,29.4964
2015-07-11,29.63
2015-07-18,35.21
2015-07-25,47.9
2015-08-01,37.4753
2015-08-08,27.62
2015-08-15,22.28
2015-08-22,30.82
2015-08-29,60.13
2015-09-05,33.29
2015-09-12,48.86
2015-09-19,27.9561
2015-09-26,34.67
2015-10-03,27.04
2015-10-10,28.4655
2015-10-17,32.88
2015-10-24,34.9
2015-10-31,27.29
2015-11-07,29.0288
2015-11-14,31.9
2015-11-21,23.37
2015-11-28,40.4304
2015-12-05,33.2926
2015-12-12,30.0477
2015-12-19,24.28
2015-12-26,21.496
2016-01-02,25.85
2016-01-09,24.21
2016-01-16,23.0161
2016-01-23,41.5243
2016-01-30,32.2034
2016-02-06,36.9318
2016-02-13,36.72
2016-02-20,45.11
2016-02-27,32.53
2016-03-05,38.978
2016-03-12,49.64
2016-03-19,44.04
2016-03-26,34.876
2016-04-02,53.1414
2016-04-09,51.5329
2016-04-16,78.69
2016-04-23,70.6111
2016-04-30,88.4251
2016-05-07,75.3256
2016-05-14,99.66
2016-05-21,123.87
2016-05-28,168.39
2016-06-04,101.3681
2016-06-11,134.2673
2016-06-18,113.3644
2016-06-25,98
2016-07-02,87.0907
2016-07-09,160.1049
2016-07-16,157.0348
2016-07-23,152.3979
2016-07-30,189.5495
2016-08-06,241.5228
2016-08-13,224.8769
2016-08-20,245.2765
2016-08-27,280.5656
2016-09-03,271.952
2016-09-10,241.8415
2016-09-17,333.6201
2016-09-24,294.4605
2016-10-01,248.6782
2016-10-08,316.127
2016-10-15,375.3623
2016-10-22,256.5897
2016-10-29,291.2165
2016-11-05,325.2584
2016-11-12,277.3054
2016-11-19,308.9167
2016-11-26,282.4068
2016-12-03,255.9623
2016-12-10,256.4521
2016-12-17,250.9264
2016-12-24,302.3917
2016-12-31,274.1695
2017-01-07,242.2756
2017-01-14,314.6175
2017-01-21,310.8606
2017-01-28,274.7973
2017-02-04,388.2528
2017-02-11,507.29
2017-02-18,485.5783
2017-02-25,498.0501
2017-03-04,412.2653
2017-03-11,510.5258
2017-03-18,507.6786381
2017-03-25,619.25341259
2017-04-01,683.37045737
2017-04-08,805.28192678
2017-04-15,507.97312005
2017-04-22,659.83288842
2017-04-29,618.0298143
2017-05-06,608.54233696
2017-05-13,588.50625377
2017-05-20,554.05706153
2017-05-27,457.04507622
2017-06-03,507.24814854
2017-06-10,465.64155663
2017-06-17,482.77323755
2017-06-24,434.82139032
2017-07-01,452.46815228
2017-07-08,384.1212169
2017-07-15,474.18940738
2017-07-22,447.14180614
2017-07-29,442.04737401
2017-08-05,450.43372827
2017-08-12,414.64750963
2017-08-19,359.07741383
2017-08-26,334.19005837
2017-09-02,347.79503231
2017-09-09,384.52149637
2017-09-16,453.94581893
2017-09-23,345.81815064
2017-09-30,396.41415113
2017-10-07,390.81371388
2017-10-14,313.09195774
2017-10-21,359.69510598
2017-10-28,303.40114415
2017-11-04,302.76923688
2017-11-11,251.82019546
2017-11-18,275.62242887
2017-11-25,243.15040517
2017-12-02,234.6234091
2017-12-09,189.22880415
2017-12-16,172.47261407
2017-12-23,212.20498508
2017-12-30,176.17728929
2018-01-06,156.63489664
2018-01-13,244.03332622
2018-01-20,234.18370147
2018-01-27,235.8352639
2018-02-03,281.59845931
2018-02-10,317.99631629
2018-02-17,266.81979234
2018-02-24,271.42922843
2018-03-03,363.28249429
2018-03-10,389.84147497
2018-03-17,426.41609564
2018-03-24,431.76781244
2018-03-31,355.18622904
2018-04-07,669.95782857
2018-04-14,655.62822171
2018-04-21,540.94530383
2018-04-28,479.58716775
2018-05-05,436.07321052
2018-05-12,483.9539883
2018-05-19,468.62609331
2018-05-26,475.77939742
2018-06-02,529.39879895
2018-06-09,486.76723173
2018-06-16,478.95611054
"2018-08-25","445.00357889"
"2018-09-01","420.13453798"
"2018-09-08","741.44753621"
"2018-09-15","746.37832874"
"2018-09-22","898.03811954"
"2018-09-29","767.30561334"
"2018-10-06","936.72485351"
"2018-10-13","977.76849148"
"2018-10-20","1064.71778795"
"2018-10-27","916.80392127"
"2018-11-03","1082.35729105"
"2018-11-10","1057.06521266"
"2018-11-17","871.13041841"
"2018-11-24","1190.46200046"
"2018-12-01","1298.09153135"
"2018-12-08","1637.81704205"
"2018-12-15","1743.29922926"
"2018-12-22","1974.46130565"
"2018-12-29","1529.8019441"
"2019-01-05","1114.43123911"
"2019-01-12","1746.88240309"
"2019-01-19","1483.73295451"
"2019-01-26","1806.15480555"
"2019-02-02","2004.19191411"
"2019-02-09","2486.51412098"
"2019-02-16","1911.40493606"
"2019-02-23","1959.77681126"
"2019-03-02","1953.07366698"
"2019-03-09","1142.76711169"
"2019-03-16","1817.33832419"
"2019-03-23","1727.45820745"
"2019-03-30","1455.92330071"
"2019-04-06","1595.63481676"
"2019-04-13","1454.42189758"
"2019-04-20","1138.193642"
"2019-04-27","1227.77955317"
"2019-05-04","1157.50650174"
"2019-05-11","1185.26265059"
"2019-05-18","873.59946254"
"2019-05-25","758.39839971"
"2019-06-01","709.85140227"
"2019-06-08","798.16671927"
"2019-06-15","818.83175244"
"2019-06-22","665.69651564"
"2019-06-29","469.7471285"
"2019-07-06","557.34882924"
"2019-07-13","520.39559427"
"2019-07-20","573.96096883"
"2019-07-27","432.99267935"
"2019-08-03","562.04689434"
"2019-08-10","490.92308695"
"2019-08-17","466.48693329"
"2019-08-24","465.15652553"
"2019-08-31","541.29179916"
"2019-09-07","550.16230771"
"2019-09-14","488.92843499"
"2019-09-21","482.41714161"
"2019-09-28","499.84012471"
"2019-10-05","642.076098"
"2019-10-12","549.00832005"
"2019-10-19","551.86244968"
"2019-10-26","552.55884904"
"2019-11-02","538.32088147"
"2019-11-09","632.02412218"
"2019-11-16","553.40156716"
"2019-11-23","562.36269318"
"2019-11-30","554.66760681"
"2019-12-07","678.45075106"
"2019-12-14","636.73014491"
"2019-12-21","780.65176324"
"2019-12-28","610.00919918"
"2020-01-04","580.32803282"
"2020-01-11","643.05030044"
"2020-01-18","620.74142591"
"2020-01-25","563.25216939"
"2020-02-01","553.04647598"
"2020-02-08","564.09343508"
"2020-02-15","469.00764654"
"2020-02-22","411.0572861"
"2020-02-29","375.3630015"
"2020-03-07","490.73353255"
"2020-03-14","540.41617741"
"2020-03-21","636.21337667"
"2020-03-28","533.97952094"
"2020-04-04","681.07783574"
"2020-04-11","505.02895333"
"2020-04-18","603.68559166"
"2020-04-25","568.14886322"
"2020-05-02","492.61023288"
"2020-05-09","592.91478794"
"2020-05-16","456.6578591"
"2020-05-23","462.60768431"
"2020-05-30","467.64903425"
"2020-06-06","537.16869986"
"2020-06-13","474.70368356"
"2020-06-20","511.06646682"
"2020-06-27","393.62612812"
"2020-07-04","543.89957601"
"2020-07-11","492.98297893"
"2020-07-18","517.72203728"
"2020-07-25","435.94723014"
"2020-08-01","446.91442369"
"2020-08-08","452.47309853"
"2020-08-15","446.10037543"
"2020-08-22","384.41432858"
"2020-08-29","435.77371108"
"2020-09-05","520.99020092"
"2020-09-12","485.21213722"
"2020-09-19","468.8819135"
"2020-09-26","436.50581613"
"2020-10-03","514.42620321"
"2020-10-10","502.29953257"
"2020-10-17","405.61957687"
"2020-10-24","367.40050547"
"2020-10-31","327.82078111"
"2020-11-07","360.91202152"
"2020-11-14","286.10514299"
"2020-11-21","273.66978216"
"2020-11-28","232.54946314"
"2020-12-05","313.75132306"
"2020-12-12","306.10195371"
"2020-12-19","335.33391955"
"2020-12-26","265.75948279"
"2021-01-02","196.09620514"
"2021-01-09","151.32134313"
"2021-01-16","139.05617496"
"2021-01-23","126.69328136"
"2021-01-30","136.96724828"
"2021-02-06","137.15411277"
"2021-02-13","108.00823398"
"2021-02-20","82.78777285"
"2021-02-27","79.95104132"
"2021-03-06","92.32949494"
"2021-03-13","71.29458156"
"2021-03-20","69.29217617"
"2021-03-27","60.15140071"
"2021-04-03","64.52262716"
"2021-04-10","74.77118192"
"2021-04-17","62.75325862"
"2021-04-24","53.93249016"
"2021-05-01","60.93267247"
"2021-05-08","44.35805411"
"2021-05-15","33.31749033"
"2021-05-22","58.89542221"
"2021-05-29","60.75462625"
"2021-06-05","75.50745695"
"2021-06-12","68.43922349"
"2021-06-19","63.56839431"
"2021-06-26","57.73702184"
"2021-07-03","71.14935894"
"2021-07-10","66.28846604"
"2021-07-17","65.05986701"
"2021-07-24","59.64707306"
"2021-07-31","52.84187612"
"2021-08-07","55.99169161"
"2021-08-14","43.50049521"
"2021-08-21","41.4424465"
"2021-08-28","36.48523024"
"2021-09-04","47.43249758"
"2021-09-11","40.39145373"
"2021-09-18","38.08204263"
"2021-09-25","37.42525083"
"2021-10-02","31.86324515"
"2021-10-09","20.01279985"
"2021-10-16","28.0088746"
"2021-10-23","25.38148828"
"2021-10-30","25.60913839"
"2021-11-06","30.36019976"
"2021-11-13","24.77161881"
"2021-11-20","23.28239825"
"2021-11-27","23.14523714"
"2021-12-04","32.18192102"
"2021-12-11","29.51174053"
"2021-12-18","33.080864"
"2021-12-25","31.81791842"
"2022-01-01","24.55764804"
"2022-01-08","24.38801662"
"2022-01-15","26.52118593"
"2022-01-22","25.74680066"
"2022-01-29","27.96957709"
"2022-02-05","35.41588379"
"2022-02-12","26.46782941"
"2022-02-19","26.11517569"
"2022-02-26","26.07280181"
"2022-03-05","30.17406447"
"2022-03-12","26.55413932"
"2022-03-19","27.04520408"
"2022-03-26","21.32060673"
"2022-04-02","25.0972256"
"2022-04-09","26.0626274"
"2022-04-16","20.71689882"
"2022-04-23","23.3134946"
"2022-04-30","24.90024064"
"2022-05-07","33.33229657"
"2022-05-14","37.28252873"
"2022-05-21","28.14983313"
"2022-05-28","26.31805681"
"2022-06-04","37.65889947"
"2022-06-11","33.8527868"
"2022-06-18","41.55987375"
"2022-06-25","32.00422581"
"2022-07-02","47.76324681"
"2022-07-09","44.81765255"
"2022-07-16","35.22911712"
"2022-07-23","31.68167022"
"2022-07-30","33.90979755"
"2022-08-06","35.77675359"
"2022-08-13","31.69100408"
"2022-08-20","33.19636423"
"2022-08-27","28.70473299"
"2022-09-03","38.39851978"
"2022-09-10","32.35250396"
"2022-09-17","33.56547317"
"2022-09-24","30.1207657"
"2022-10-01","33.71330852"
"2022-10-08","34.14082061"
"2022-10-15","33.04503361"
"2022-10-22","27.0116327"
"2022-10-29","27.2234981"
"2022-11-05","34.99043793"
"2022-11-12","33.31380094"
"2022-11-19","31.68663662"
"2022-11-26","26.9977477"
"2022-12-03","37.91443608"
"2022-12-10","34.69052895"
"2022-12-17","37.47097542"
"2022-12-24","43.27808696"
"2022-12-31","33.36897999"
"2023-01-07","26.88991935"
"2023-01-14","29.59894168"
"2023-01-21","22.3821648"
"2023-01-28","20.35961676"
"2023-02-04","29.18183681"
"2023-02-11","23.24129638"
"2023-02-18","7.28017149"
